statistic,d.f.,p.value,var
431.80856042501426,143,9.255031122718888e-31,genus
180.2301893785163,39,4.8159979820296887e-20,health_status
296.0998365719656,65,3.218147090891948e-31,growth_form
70.07061540728799,13,7.79024576748472e-10,seq_method
279.9222281502953,65,1.8138084489058342e-28,region
485.10330635748744,130,2.0767878945831408e-42,authors
