variable,n,prop
authors,32,0.9696969696969697
growth_form,32,0.9696969696969697
genus,31,0.9393939393939394
region,31,0.9393939393939394
species_host,29,0.8787878787878788
health_status,26,0.7878787878787878
seq_method,23,0.696969696969697
